UBIGEO,NOMCP,DEP,PROV,DIST,UBIGEOCP,LNG,LAT,GROUP,pr2010,pr2021,delta_pr,ro2021,ro2010,delta_ro,soil2021,soil2010,delta_soil,tmmx2021,tmmx2010,delta_tmax,tmmn2021,tmmn2010,delta_tmin,ETP_2021,ETP_2010,delta_ETP,humidity_2021,humidity_2010,delta_humidity,pop2020,pop2010,delta_pop,def_2010,def_2021,delta_def,ghsl2010,ghsl2020,delta_ghs,ln_2021,ln_2014,delta_ln
160113,PEÃ‘A NEGRA,LORETO,MAYNAS,SAN JUAN BAUTISTA,1601130022,-73.336776,-3.863147,INNOVALAB,1711.0184708,3003.5228286,75.54005873447291,1973.7409131,777.1561355,153.96967519662593,487.1143211,420.4041497,15.868104881363397,377.2085273,377.6035159,-0.10460405779287832,262.171343,262.5663316,-0.15043383422127732,31.03127380909091,31.682306454545454,-2.0548776850845156,0.2184728,0.2177948,0.3113021982159281,2.7544162,1.5144129,81.88013321862223,0.711237,0.8495356,19.444798288053057,6272.2658119,8133.4476984,29.6731985269006,2.3925664,1.4091731,69.7851314363012
160113,PUERTO ALMENDRAS,LORETO,MAYNAS,SAN JUAN BAUTISTA,1601130004,-73.378019,-3.831725,INNOVALAB,1709.9999505,3005.5606713,75.76378703526753,1975.6000297,776.5313629,154.41342411747684,478.9061934,413.7691222,15.742371217472153,378.4208575,378.7052181,-0.07508758432922517,262.3170652,262.6014258,-0.10828600763827749,30.889054345454547,30.846907945454547,0.13663087423389714,0.2185268,0.2178004,0.3335163755438411,1.1825184,0.6682649,76.95354042985048,1.0140521,0.6464356,-36.2522300382791,4393.5828338,5587.2220441,27.167786643676955,1.6253562,1.1789836,37.86079806368807
160113,UNION PROGRESO,LORETO,MAYNAS,SAN JUAN BAUTISTA,1601130070,-73.338717,-3.856809,INNOVALAB,1711.9085867,3004.7093196,75.51809383654634,1974.6008715,777.9957413,153.80612857861158,485.8812172,419.2018471,15.906268200219476,377.3746063,377.763504,-0.10294739853959782,262.1727444,262.5616421,-0.14811672294914122,30.845587781818182,31.547246463636363,-2.2241519006324793,0.2184848,0.2178044,0.31239038329804064,2.7881847,1.5185936,83.60308511770364,0.8757627,0.852955,-2.604324207916138,6925.6063029,8950.4983471,29.237758481190376,2.5993518,1.5723015,65.3214602924439
160113,NINA RUMI,LORETO,MAYNAS,SAN JUAN BAUTISTA,1601130005,-73.385881,-3.84476,INNOVALAB,1708.4925676,3006.0720939,75.94879550004545,1975.999455,775.4281043,154.82690710363,480.6200872,415.7574125,15.601086775572526,378.236369,378.5011347,-0.0699510980884777,262.2708106,262.5355763,-0.10084945580763871,31.319500354545454,31.032016018181817,0.9264120519762494,0.2185641,0.2178143,0.34423818821813934,0.8219515,0.6272721,31.035877412689,0.7689865,0.8386991,9.065516754845502,2752.292138,3661.7422591,33.04337168803845,1.3249509,0.8608395,53.913813202112586
160113,NUEVA ESPERANZA,LORETO,MAYNAS,SAN JUAN BAUTISTA,1601130027,-73.413631,-3.906268,INNOVALAB,1703.0425047,3005.3332012,76.46847879051646,1979.643119,774.2021698,155.7010553860114,488.3264243,424.520539,15.030105598730525,377.3908055,377.6935252,-0.08014956037165645,261.7465471,262.0492668,-0.11552014767934908,31.87550771818182,31.390983072727273,1.543515360229365,0.2179684,0.2171179,0.391722653912922,0.2940602,0.2365681,24.302558121741683,0.1041197,0.6262015,501.42461032830477,266.3736965,554.9882982,108.3495125428047,0.7725369,0.3908181,97.67173014760574
160113,MORALILLO,LORETO,MAYNAS,SAN JUAN BAUTISTA,1601130025,-73.340366,-3.915436,INNOVALAB,1701.1881379,2994.0660985,75.99852901607751,1966.5732336,767.3837578,156.26985372194179,495.1489248,429.0367159,15.409452489704737,376.5606729,377.1028293,-0.14376884973427334,262.291864,262.8340204,-0.20627329718387183,32.50805326363636,33.137982054545454,-1.9009268273252775,0.2182433,0.2175433,0.32177502134058195,1.1486127,0.7811473,47.04175512096118,0.4089672,0.9796631,139.54564082400742,1133.255099,1880.4920346,65.9372224540946,0.9842637,0.4837534,103.46393431033249
160113,BUENA ESPERANZA,LORETO,MAYNAS,SAN JUAN BAUTISTA,1601130063,-73.322513,-3.898959,INNOVALAB,1702.4016056,2991.5530006,75.72545695207137,1964.5741117,769.9827048,155.1452259191056,494.0549482,427.3423658,15.611038768672449,376.6481738,377.1477576,-0.1324636803302532,262.5321027,263.0316864,-0.18993289623679974,32.62990984545455,33.222978681818184,-1.7851163859916075,0.2184038,0.2177498,0.3003447075496812,1.3856695,0.9444239,46.72113867512248,0.4552009,0.7310387,60.59693642960723,1104.7785792,1723.3736114,55.9926707347948,1.2451037,0.5479068,127.24735301697295
160113,SANTA BARBARA,LORETO,MAYNAS,SAN JUAN BAUTISTA,1601130064,-73.329072,-3.944115,INNOVALAB,1694.6661058,2985.5041322,76.17064045726194,1958.7553323,761.7135151,157.1511852514326,499.9274954,434.1001485,15.16409223250934,376.6348741,377.3634137,-0.19306047527416492,262.779997,263.5085366,-0.2764766596939286,32.5317985,33.39096276363637,-2.5730442985969195,0.2182245,0.2175428,0.31336362315828403,0.5727703,0.5001357,14.522978463644966,0.3043442,0.6224651,104.5266839322057,238.1486961,634.5475146,166.45013178386242,0.7382299,0.3441574,114.50356726311855
160113,SAN CARLOS,LORETO,MAYNAS,SAN JUAN BAUTISTA,1601130065,-73.345052,-3.95913,INNOVALAB,1692.8776137,2984.9153701,76.32198251922576,1958.3824695,759.8125062,157.7454903044869,500.9460708,435.6082252,14.999222195586766,376.7245169,377.5052423,-0.20681180352445513,262.6905411,263.4712665,-0.29632278706186516,32.48192695454546,33.110634181818185,-1.898807566838949,0.2181532,0.2174355,0.3300748957736836,0.5562915,0.4652877,19.558608577015903,0.5550438,0.7087396,27.690751612755616,378.1151346,800.938156,111.82388185738601,0.7467126,0.340623,119.21966514298798
160113,EL DORADO,LORETO,MAYNAS,SAN JUAN BAUTISTA,1601130028,-73.40642,-3.954165,INNOVALAB,1698.1363299,2997.2832533,76.50427710221031,1972.7488738,767.4091382,157.06611709461657,495.442785,431.310841,14.869077682190705,377.006861,377.4966338,-0.12974229599606268,261.8811197,262.3708925,-0.1866719266505623,32.035491709090905,31.90046691818182,0.4232690112511405,0.2175948,0.2167523,0.3886925305982894,0.5294893,0.3033259,74.56118979618954,0.584199,0.5415549,-7.2995845593710476,770.6002379,1666.7143104,116.28780117458096,0.8318282,0.4926375,68.85198548628554
160113,NUEVO MILAGRO,LORETO,MAYNAS,SAN JUAN BAUTISTA,1601130034,-73.374641,-3.938261,INNOVALAB,1700.3967696,2998.0975078,76.31752549760903,1971.4787693,767.5107764,156.8665913131796,495.6623545,430.5463311,15.124045589619941,376.7063023,377.2918545,-0.1551987388585393,261.9441213,262.5296735,-0.22304229163641384,32.11015834545454,32.37110878181818,-0.8061214032625403,0.2179974,0.2172507,0.3437043010678524,0.6840985,0.4770663,43.39694503678002,0.5974134,0.927427,55.24040806583851,726.1420929,1762.3015207,142.69375621262793,0.8712194,0.5111191,70.4533053059453
160113,VILLA EL BUEN PASTOR,LORETO,MAYNAS,SAN JUAN BAUTISTA,1601130036,-73.362468,-3.94906,INNOVALAB,1697.1551306,2992.5145915,76.3253421884921,1965.9016499,763.8887182,157.3544553102421,498.1016499,432.7999009,15.088207937249084,376.7067879,377.3862706,-0.18004966076791723,262.2597037,262.9391864,-0.2584181952119991,32.34262319090909,32.674062681818185,-1.0143810218419234,0.2180965,0.217375,0.3319148936170148,0.73568770000000006,0.5060649,45.37418026818299,0.6248321,0.7988027,27.842775683259546,748.8538553,1702.2274486,127.31103493058293,0.83656,0.502072,66.62152041938208
160113,SAN JOSE,LORETO,MAYNAS,SAN JUAN BAUTISTA,1601130026,-73.391568,-3.931736,INNOVALAB,1701.5449371,3001.1153123,76.37590679297024,1975.3038206,770.2562605,156.44761644881171,493.4020934,428.8071315,15.063873045684172,376.8933535,377.3627586,-0.12439094460234773,261.8044789,262.273884,-0.17897515865514738,31.94620559090909,31.83012259090909,0.3646954222952124,0.2178422,0.2170491,0.36540119263338056,0.57298,0.3972735,44.22809475084546,0.463028,0.798444,72.43967967379943,697.0703003,1623.6474351,132.92448902230183,0.8594224,0.4879317,76.13579933421009
160113,3 DE OCTUBRE,LORETO,MAYNAS,SAN JUAN BAUTISTA,1601130012,-73.361572,-3.966216,INNOVALAB,1693.2473246,2986.0955707,76.35318404565692,1959.7917658,759.8947681,157.9030476417357,500.7274376,435.5174841,14.972981770124987,376.8644075,377.6051526,-0.19616922462513284,262.5652101,263.3059552,-0.2813248562636484,32.54520169090909,32.798331227272726,-0.771775657150365,0.2181697,0.2174368,0.33706345935921644,0.6192411,0.4431963,39.72163125008038,0.7182167,0.7273676,1.274114066130732,520.2393441,1263.5534306,142.87925258438753,0.7803814,0.4570114,70.75753471357606
160113,BELEN DE JUDA,LORETO,MAYNAS,SAN JUAN BAUTISTA,1601130013,-73.384126,-3.978227,INNOVALAB,1692.3494525,2984.81202,76.37090351468055,1958.7281871,759.1783184,158.0063391731341,500.9015359,435.9633404,14.895333960974487,377.1776693,377.8384333,-0.17488003912915567,262.5741664,263.2349304,-0.2510168384552554,32.83511859090909,32.69223199090909,0.4370659061752968,0.2180391,0.2172351,0.3701059359192078,0.5707309,0.3686192,54.8294011814903,0.8356661,0.7296717,-12.683821923612786,614.3224869,1608.8268191,161.8863631735959,0.7858434,0.4638509,69.41724161794231
160113,13 DE FEBRERO,LORETO,MAYNAS,SAN JUAN BAUTISTA,1601130031,-73.433988,-4.01441,INNOVALAB,1687.3040226,2972.6731398,76.17886877430361,1943.9527395,752.4364906,158.35439452835064,501.1398296,437.7691866,14.475811669655776,377.6803032,378.178495,-0.1317345662396727,262.5060141,263.0042059,-0.1894235106602804,32.73153811818182,32.7612616,-0.09072752502968516,0.2177098,0.2166991,0.46640710552097503,0.5044411,0.3097244,62.867730149771845,0.7821411,0.4669749,-40.29531244426357,511.1769037,876.6924588,71.50470853716703,0.6885423,0.3381381,103.62754152815079
160113,5 DE JUNIO,LORETO,MAYNAS,SAN JUAN BAUTISTA,1601130020,-73.39309,-4.003298,INNOVALAB,1687.6116919,2974.4882338,76.25430352708497,1947.0203617,752.8546941,158.61834653598928,503.7688234,438.9232004,14.773797088170504,377.5801437,378.2123359,-0.16715271819351038,262.9678325,263.60002480000003,-0.23983013676865267,33.57246518181818,32.93611789090909,1.9320652574076904,0.2181469,0.2172718,0.4027674093002486,0.5042214,0.3473713,45.15344244040888,0.6863028,0.8205649,19.563099553141857,397.341302,993.2410033,149.9717492997997,0.6528926,0.3056871,113.58199282861463
160113,PAUJIL II ZONA,LORETO,MAYNAS,SAN JUAN BAUTISTA,1601130030,-73.469968,-4.00331,INNOVALAB,1687.3773099,2975.6485014,76.34754740042982,1947.7634382,754.212435,158.25130265851428,496.8338023,434.8837107,14.245208563982207,377.593728,377.9842309,-0.10331195538771386,261.9097201,262.3002229,-0.14887627455385546,31.660104572727274,32.464536336363636,-2.477878492708721,0.2174959,0.2164625,0.4774037073396038,0.3364893,0.2180165,54.34120811956893,0.6552043,0.2303101,-64.84911652747091,256.5353741,447.5327368,74.45264161719365,0.6738418,0.3258644,106.78595145710916
160113,24 DE JUNIO,LORETO,MAYNAS,SAN JUAN BAUTISTA,1601130029,-73.423672,-4.02111,INNOVALAB,1686.4539734,2968.4056679,76.01462682764492,1939.4468391,750.7588684,158.33152570455871,502.8766845,439.0720967,14.531688139498216,377.8154727,378.3487019,-0.14093591370135844,262.7917905,263.3250198,-0.20249853219607214,33.10955675454545,32.895944954545456,0.6493560233492522,0.2178774,0.216881,0.45942244825503775,0.5261234,0.3345838,57.2471231422442,0.7518794,0.5424229,-27.857725587374777,548.2394352,924.9051889,68.70460778922092,0.6784373,0.3241984,109.26608521201833
160113,NUEVO HORIZONTE,LORETO,MAYNAS,SAN JUAN BAUTISTA,1601130033,-73.445628,-4.071663,INNOVALAB,1678.7597721,2937.7040377,74.99252046200493,1910.7220213,743.82378,156.87831885396295,505.2301858,443.0207332,14.042108627885776,378.4974882,379.0955512,-0.15776049022649882,263.2862026,263.8842655,-0.22663833285656895,32.55959717272727,33.064779336363635,-1.527855844725928,0.2178455,0.2167498,0.5055137305778391,0.4721282,0.2888982,63.42372503532386,0.8872165,0.5553374,-37.40677726349769,727.4316414,1077.9147725,48.18090266536487,0.8498376,0.3786143,124.4599847390867
160113,EX PETROLEROS II ZONA,LORETO,MAYNAS,SAN JUAN BAUTISTA,1601130039,-73.47498,-4.064827,INNOVALAB,1677.5633112,2938.2699396,75.15106106476465,1911.8351828,743.8336966,157.0245461504143,502.1820222,441.2157386,13.817794395424134,378.3957545,378.9366987,-0.14275318327726083,262.7953284,263.3362727,-0.2054195931512394,32.23881423636364,33.03335579090909,-2.405270477436975,0.2176798,0.2165636,0.5154144094390801,0.424284,0.2533932,67.44095737375748,0.947628,0.3256254,-65.63784523040687,671.6288155,973.0984041,44.88633924611593,0.8727249,0.3660274,138.43157643389537
160113,EX PETROLERO I ZONA,LORETO,MAYNAS,SAN JUAN BAUTISTA,1601130037,-73.453248,-4.0946109999999996,INNOVALAB,1674.42392,2922.2420704,74.5222363044121,1895.674353,739.8514523,156.22364423383317,506.6398337,445.0676481,13.83434313027526,378.798179,379.4132763,-0.1621180223313135,263.4579989,264.0730961,-0.23292687103840856,32.59872078181818,33.31468977272727,-2.149108984035057,0.2179544,0.2167979,0.5334461265538111,0.4288356,0.2754502,55.68534711537694,0.9791745,0.6120694,-37.49128475057306,616.9781065,1015.8396761,64.64760506052092,0.8508963,0.3669954,131.85475894248265
160113,SAN PEDRO PINTUYACU,LORETO,MAYNAS,SAN JUAN BAUTISTA,1601130040,-73.402808,-4.103035,INNOVALAB,1672.0109961,2911.281589,74.11856715001421,1884.6851256,737.3209173,155.61259437770192,511.3024568,449.213968,13.821584639594287,378.7564317,379.4224875,-0.17554462952066882,264.001164,264.6672198,-0.25165783677453396,33.70220128181818,33.87923267272728,-0.5225366011657135,0.2185518,0.2174656,0.4994812972718359,0.2713061,0.2462784,10.162360970348997,0.6350077,0.4132017,-34.92965518370879,64.2315699,147.3119689,129.34511662932283,0.7898392,0.3391668,132.87633105598778
160113,SAN LUCAS,LORETO,MAYNAS,SAN JUAN BAUTISTA,1601130045,-73.454582,-4.103997,INNOVALAB,1672.7137055,2915.8870177,74.32074646799143,1889.2128882,738.0970826,155.9572355367009,507.4334984,446.0314775,13.7662976712221,378.9082223,379.5133786,-0.15945585429225573,263.5167368,264.1218931,-0.22912008273805334,32.578102672727276,33.3807439,-2.4045037153073237,0.2180019,0.2168192,0.5454775222858533,0.4393082,0.2793256,57.27459280495593,1.0003505,0.601492,-39.87187490784479,603.8476347,1002.1725146,65.96446802311206,0.8430739,0.3616314,133.1307237148102
160113,UNION,LORETO,MAYNAS,SAN JUAN BAUTISTA,1601130043,-73.415961,-4.127523,INNOVALAB,1669.3362227,2897.5288523,73.57371228748093,1871.7901332,735.1663777,154.60769017429453,512.471425,450.9754322,13.636217942073507,379.0160731,379.5850711,-0.1498999943151255,264.0096934,264.5786914,-0.21505813525239237,33.52687103636364,33.990808345454546,-1.3648904856155013,0.2184723,0.217286,0.5459624642176676,0.2590755,0.2234197,15.959111931490382,0.5650184,0.4973747,-11.971946400329623,67.7504303,182.5116455,169.38817169401798,0.7904221,0.3529246,123.96344714990117
160113,10 DE OCTUBRE I ZONA,LORETO,MAYNAS,SAN JUAN BAUTISTA,1601130044,-73.448246,-4.123837,INNOVALAB,1669.6774225,2902.698159,73.84784149825803,1876.0186578,734.9836187,155.2463225123578,509.7811145,448.5016381,13.663155537090116,379.1050579,379.6823171,-0.15203742023306296,263.7162031,264.2934623,-0.21841599673955103,32.96249561818182,33.417622072727276,-1.3619354888715858,0.2180933,0.2168604,0.5685224227198609,0.355729,0.2570638,38.38160020975338,0.939129,0.7279601,-22.48561166783264,459.6957405,779.0641175,69.47386039571101,0.8452034,0.3441707,145.57680244134673
160113,CAHUIDE,LORETO,MAYNAS,SAN JUAN BAUTISTA,1601130056,-73.487435,-4.230846,INNOVALAB,1650.2980536,2832.7034322,71.64798964772892,1808.5890743,711.9439849,154.0353051166006,511.9342826,458.2606706,11.712463111819133,380.5192957,381.1832302,-0.1741772584412185,264.3311475,264.995082,-0.25054597050976174,32.678774881818185,34.154941854545456,-4.3219718511417025,0.2181511,0.2166717,0.6827841383992427,0.3610758,0.2757729,30.932299729233733,0.6366035,0.6237134,-2.0248239288662435,238.3857892,289.7861047,21.56182030501674,0.5246164,0.2975859,76.29074495801044
160113,EL TRIUNFO,LORETO,MAYNAS,SAN JUAN BAUTISTA,1601130046,-73.47431,-4.154149,INNOVALAB,1664.5070262,2883.3728352,73.22683472130602,1857.3424542,729.8157348,154.4947122452751,510.7445571,450.4339535,13.38944436390052,379.5052895,380.0468679,-0.1425030557395607,263.6540871,264.1956655,-0.20499140248006517,32.354487263636365,33.41420260909091,-3.171451845947173,0.2179549,0.2166667,0.5945537546840457,0.2917965,0.2359259,23.681418614912573,0.7576801,0.7837419,3.4396838454645997,75.7168344,183.8375908,142.79619222961068,0.7409055,0.2760794,168.36681766187556
160113,12 DE ABRIL,LORETO,MAYNAS,SAN JUAN BAUTISTA,1601130055,-73.483968,-4.219298,INNOVALAB,1652.6666337,2840.0983371,71.84943891204308,1816.0749777,715.4307136,153.8435858535666,512.1244482,457.1323171,12.029806041468323,380.3977432,381.0487528,-0.17084679984288062,264.2902554,264.941265,-0.24571846141068623,32.56796221818182,33.998728527272725,-4.20829357763538,0.2181032,0.2166587,0.6667168223570008,0.3508206,0.2653851,32.19302816925291,0.7239961,0.5419636,-25.142745934681145,242.7553004,295.3404728,21.661801951740195,0.529578,0.2948196,79.62781307619981
160113,HABANA,LORETO,MAYNAS,SAN JUAN BAUTISTA,1601130049,-73.479276,-4.203191,INNOVALAB,1656.0359106,2851.0665214,72.16211938103608,1826.7955322,720.0104017,153.71793628075304,512.2486602,455.4761355,12.464434527986379,380.2106147,380.842112,-0.1658160376970019,264.2263956,264.8578929,-0.23842872609368063,32.38608382727273,33.74079857272727,-4.015064262733726,0.2180427,0.2166505,0.6426017941338746,0.3493568,0.2562611,36.32845562592215,0.6538682,0.5720596,-12.511481671688577,256.2924032,306.7041903,19.669637675784205,0.5652825,0.3007821,87.93754681545212
160113,NUEVO MIRAFLORES,LORETO,MAYNAS,SAN JUAN BAUTISTA,1601130054,-73.466734,-4.223144,INNOVALAB,1653.0399247,2839.3444621,71.76502634171374,1815.5104022,715.8257381,153.62463314309824,512.5965326,457.9737121,11.927064601488082,380.2389786,380.9052506,-0.17491804036580855,264.2965623,264.9628344,-0.2514587004282192,32.49322410909091,34.20851330909091,-5.0142173221663,0.2181941,0.2167727,0.6557098749058295,0.3586041,0.2692787,33.17210013268781,0.6427284,0.4988887,-22.379546321587775,234.780566,290.8310739,23.87357218484599,0.5334664,0.2953516,80.62079230313972
160113,12 DE OCTUBRE,LORETO,MAYNAS,SAN JUAN BAUTISTA,1601130057,-73.548449,-4.246472,INNOVALAB,1642.9691196,2810.5055179,71.06258933121337,1786.878359,704.0841293,153.78762063228345,514.1454842,462.6007671,11.142376054222517,380.9705597,381.6004404,-0.1650628860228121,264.2547335,264.8846142,-0.23779437016466815,32.300067772727274,33.5602545,-3.7549975292133877,0.2181524,0.2165402,0.7445268823063839,0.192828,0.2105154,-8.40195064114074,0.3825569,0.4154991,8.611058903917309,11.8428591,23.2376364,96.21643898473805,0.5507146,0.3101244,77.57861038989516
160113,ANGEL CARDENAS,LORETO,MAYNAS,SAN JUAN BAUTISTA,1601130074,-73.426447,-4.05018,INNOVALAB,1682.4906118,2951.5326728,75.42639775221836,1923.1431756,746.2279911,157.71522892958387,505.2074659,441.7681298,14.360324301510985,378.2193906,378.8117612,-0.1563759789620759,263.2273272,263.8196978,-0.22453615288766401,33.054476572727275,33.352167345454546,-0.8925679990864012,0.2179532,0.2169265,0.4732939497940636,0.5391196,0.3397817,58.666461436857844,0.9761611,0.5175172,-46.9844475466191,559.8146418,882.3898231,57.62178357157787,0.7579593,0.3504101,116.30635075872527
160113,CREACION 2000,LORETO,MAYNAS,SAN JUAN BAUTISTA,1601130077,-73.395123,-4.082073,INNOVALAB,1674.9102386,2924.4176651,74.60145610814466,1898.1580354,740.2584909,156.41827263504072,510.2047975,447.3584959,14.048308498884152,378.5359144,379.2505298,-0.1884283195007832,263.909496,264.6241113,-0.2700492016730266,34.03606680909091,33.54413403636364,1.4665239895416378,0.2185382,0.2175368,0.46033590638456834,0.2939664,0.2821506,4.187763556058376,0.4156408,0.3720615,-10.48484653094691,82.2069131,196.6056874,139.15955481851077,0.7690218,0.3176846,142.07084636774965
160113,NUEVO TRIUNFO,LORETO,MAYNAS,SAN JUAN BAUTISTA,1601130078,-73.497835,-4.126287,INNOVALAB,1667.0729136,2896.4430254,73.74423168721562,1869.5150975,732.6530047,155.17060402495883,507.0724136,447.3548411,13.349039065534775,379.1756757,379.7192407,-0.14314918543446908,263.0880804,263.6316454,-0.20618351760285333,32.06339641818182,33.415093090909096,-4.04516805938518,0.2175566,0.2162327,0.6122570730513881,0.2524172,0.2090602,20.73900245001201,0.7793685,0.8463396,8.592995482881326,51.3578578,160.2284243,211.98424382101075,0.7608044,0.2910447,161.4046570853206
160113,HUAMBE,LORETO,MAYNAS,SAN JUAN BAUTISTA,1601130079,-73.49033,-4.162137,INNOVALAB,1662.9073185,2877.0502746,73.01326674027746,1851.3410362,727.8842595,154.3455243106545,510.5827948,451.0103271,13.2086704273606,379.6343758,380.1535801,-0.13657751161081663,263.5312534,264.0504577,-0.19663071388796755,32.4977108,33.34995545454545,-2.555459648835286,0.2177073,0.2163798,0.613504587766502,0.2835554,0.2274572,24.663189382442066,0.8671893,0.7307749,-15.730636897849182,77.4152817,135.2448474,74.70045245601685,0.6984266,0.2785527,150.7340980719268
160113,10 DE OCTUBRE II ZONA,LORETO,MAYNAS,SAN JUAN BAUTISTA,1601130082,-73.462008,-4.15309,INNOVALAB,1665.2062927,2885.0920154,73.25733322338412,1859.1518749,730.7470565,154.41797655739168,511.3167804,450.6152419,13.470813424786646,379.4678045,380.0148857,-0.14396309739083982,263.8059909,264.3530721,-0.2069509522450662,32.48082829090909,33.45233251818182,-2.9041449553471503,0.2181008,0.2168342,0.5841329458175909,0.2933368,0.2373105,23.60885843652093,0.8328569,0.791559,-4.95858292102761,69.1865827,165.7705848,139.59932450891233,0.7621212,0.2754348,176.6974979196529
160113,LOS CEDROS,LORETO,MAYNAS,SAN JUAN BAUTISTA,1601130083,-73.451622,-4.2224,INNOVALAB,1653.74927,2839.7306112,71.71470081435017,1816.1533284,716.9833705,153.3048049822238,513.1309973,458.6927147,11.868137612694458,379.9882158,380.6552685,-0.17523800540803477,264.171121,264.8381737,-0.25187180936975295,32.21274797272727,34.348507545454545,-6.21791083615773,0.2182064,0.2167989,0.6492191611673335,0.3439726,0.2497306,37.73746589324657,0.6164688,0.4044015,-34.400329749048126,231.9926266,291.5534004,25.67356328211855,0.5574029,0.2882293,93.38870128748188
160113,HUASCAR,LORETO,MAYNAS,SAN JUAN BAUTISTA,1601130084,-73.546,-4.260209,INNOVALAB,1640.8615926,2805.5148559,70.97815370610071,1781.8730316,701.2779538,154.0894123285357,513.7736605,463.5999554,10.822629406145971,381.0247846,381.6769436,-0.17086675287452183,264.3075072,264.9596662,-0.2461351983693132,32.652294499999996,33.72571811818182,-3.1828043347226127,0.2181578,0.2165428,0.7458109897904734,0.2071996,0.2202616,-5.930221155208167,0.4184378,0.4529197,8.240627400296997,51.0127682,100.4766346,96.96369780615042,0.5227325,0.3107319,68.22621044057595
160113,NUEVO SAN JUAN,LORETO,MAYNAS,SAN JUAN BAUTISTA,1601130086,-73.531539,-4.330362,INNOVALAB,1633.5646023,2785.1996438,70.49828576589745,1761.0036605,690.1790661,155.1517058393145,514.5537149,470.287683,9.412543321913883,380.9987732,381.5796498,-0.1522294494228058,263.9801741,264.5610507,-0.21956240287943884,32.38762728181818,32.59055655454546,-0.6226628022986977,0.2176673,0.2159304,0.8043795593394971,0.3009844,0.2928585,2.7746847026806334,0.7090458,0.2062203,-70.91579979741788,97.6173439,123.0371867,26.04029344010866,0.4596895,0.2901116,58.45264374123611
160113,SANTA CATALINA,LORETO,MAYNAS,SAN JUAN BAUTISTA,1601130088,-73.483562,-4.121844,INNOVALAB,1668.2530449,2901.0467373,73.89728411818348,1874.1064957,733.7340331,155.4204127321132,507.2751114,447.0646302,13.467959022628134,379.1429003,379.6943509,-0.14523539754881554,263.2672443,263.8186949,-0.2090263543336214,32.295647,33.38687674545454,-3.2684391348559023,0.2177696,0.2164914,0.5904160627165823,0.3034193,0.2269846,33.673958497624945,0.9269714,0.7780443,-16.065986501848922,330.9970488,576.0051502,74.02123441530817,0.8061733,0.3119873,158.3993963856862
160113,23 DE FEBRERO,LORETO,MAYNAS,SAN JUAN BAUTISTA,1601130089,-73.458473,-4.14977,INNOVALAB,1665.8020488,2887.1737022,73.32033564731441,1861.1594002,731.3213243,154.4927022306438,511.2567823,450.4489632,13.499380411050309,379.423764,379.9717128,-0.14420778745927004,263.8254813,264.37343,-0.20726315046107557,32.56188724545454,33.49888517272727,-2.797101821273664,0.2181286,0.2168661,0.5821564550660522,0.2988643,0.2376757,25.744575486682077,0.9260843,0.6862648,-25.896076631468645,115.5195666,232.8472124,101.56517138456783,0.7782326,0.2783579,179.5798502575282
160113,SAN MARTIN II ZONA,LORETO,MAYNAS,SAN JUAN BAUTISTA,1601130090,-73.437879,-4.179054,INNOVALAB,1661.9568381,2867.9916844,72.5671581025399,1844.2175419,727.9978221,153.3273432851936,513.9811068,454.8373311,13.003280877795138,379.5256348,380.0445627,-0.13654396113795375,264.0155076,264.5344355,-0.1961664835881052,32.283486599999996,33.96808720909091,-4.959362588541821,0.2182162,0.2169319,0.5920291114400363,0.2355068,0.2085649,12.91775365845355,0.4704998,0.5123834,8.901937896679238,56.8739946,127.403366,124.00987814560857,0.7211062,0.2828817,154.91440414844791
160113,SHUSHUNA,LORETO,MAYNAS,SAN JUAN BAUTISTA,1601130097,-73.335523,-3.830152,INNOVALAB,1716.1339711,3008.1797185,75.28816334611861,1977.4593081,782.5699346,152.6878711626906,481.3695876,414.635567,16.094620411567348,377.9247819,378.2886499,-0.09618792424677718,262.1743705,262.5382385,-0.1385961915791433,29.768535654545452,31.017778472727272,-4.027505771505301,0.2184941,0.2178228,0.30818628720225144,2.6231869,1.6804287,56.10224343347622,1.0940833,0.8336378,-23.804905897019,13355.9805606,16601.5503518,24.300498016404696,3.6344207,2.2770957,59.60772751009106
160113,LOS DELFINES,LORETO,MAYNAS,SAN JUAN BAUTISTA,1601130069,-73.3394,-3.844786,INNOVALAB,1713.7342023,3006.4907568,75.4350676297989,1976.0042127,779.8814492,153.37238303680374,483.6965951,417.0129454,15.990786481709074,377.6540368,378.0342667,-0.10058080271907202,262.1821629,262.5623928,-0.1448150650766074,30.35008531818182,31.235770363636366,-2.8354832781253636,0.2184877,0.2178065,0.31275466985605144,2.7444578,1.5187699,80.70267260366434,1.1116538,0.8053557,-27.553371382349436,8115.9013833,10676.8157168,31.554281065681316,2.9088141,1.8269512,59.216847171396786
160113,CALIPSO,LORETO,MAYNAS,SAN JUAN BAUTISTA,1601130093,-73.347699,-3.874062,INNOVALAB,1709.4469498,3004.3164181,75.7478591805084,1974.2877249,775.2105654,154.67760799690467,488.1758363,421.7973487,15.737056623182143,377.1029486,377.4856831,-0.10139046780712897,262.0861044,262.4688389,-0.14582092929735957,31.17142220909091,31.78330510909091,-1.9251707709434713,0.2184169,0.2177223,0.31903025092054865,2.3842059,1.3312145,79.10005487470276,0.7233917,1.253926,73.33983787759801,4687.4566311,6361.4586239,35.71237292508377,1.96735,1.0655182,84.63785977564717
160301,TUPAC AMARU II,LORETO,LORETO,NAUTA,1603010041,-73.60862,-4.542548,INNOVALAB,1630.5153568,2680.2625748,64.3813143876303,1649.1338345,674.510955,144.49326171433347,546.3462634,508.304105,7.484133617217199,383.4944755,383.9171819,-0.1101035379318045,264.9623918,265.3540432,-0.14759579137251325,31.53841370909091,34.79380864545455,-9.356247743774725,0.2192719,0.2169935,1.049985368225309,0.5010323,0.5797407,-13.576483417500274,0.1613351,0.6503372,303.09715616750475,2052.9834368,2459.4985793,19.8011895864897,0.8517084,0.5911187,44.08415771654661
160301,SANTA CRUZ,LORETO,LORETO,NAUTA,1603010024,-73.54581,-4.480263,INNOVALAB,1615.8013861,2722.1348515,68.46964453164112,1692.4756931,662.7754455,155.3618581664851,515.3945248,486.8186733,5.8699168843078144,383.0895,383.6153911,-0.13708811278193367,265.0904554,265.6160099,-0.1978625084375979,31.780186263636363,34.735499318181816,-8.508048286493281,0.2186032,0.2165947,0.9273080089217309,0.6507351,0.4252409,53.027401644573715,0.0386586,0.5098817,1218.9347260376733,3255.8618877,3544.5031683,8.865280240861255,1.1657098,0.7719304,51.012293336290405
160301,1 DE FEBRERO,LORETO,LORETO,NAUTA,1603010099,-73.55276,-4.356997,INNOVALAB,1630.3910761,2768.4430248,69.80239068912799,1744.5793097,685.0286733,154.67245061375448,517.6847373,475.6380478,8.840060145415487,381.0248799,381.6749468,-0.17031951021418548,263.6305948,264.2806616,-0.24597592425581796,31.578561463636362,32.10756139090909,-1.647586750149481,0.2173668,0.2155981,0.8203690106731052,0.2891719,0.2734898,5.734071252383078,0.4451156,0.2967128,-33.340282838885,64.5238033,85.2057173,32.053153940477664,0.4404273,0.2754123,59.915624683429186
160301,PUERTO PRADO,LORETO,LORETO,NAUTA,1603010101,-73.538462,-4.471702,INNOVALAB,1615.7256309,2728.4151905,68.86624426327901,1699.3552697,663.179713,156.24355455818957,512.3841069,484.6843988,5.714998908275157,382.8600148,383.4060366,-0.14241345932945215,264.9603464,265.5063681,-0.20565295812201764,31.813496154545454,34.43326857272727,-7.608259473388469,0.218489,0.2165136,0.9123676295622946,0.2129695,0.2132153,-0.1152825336643245,0.025275,0.4019093,1490.1455984174088,313.6834856,432.8859758,38.00088167599729,0.6887024,0.3504555,96.51636227709369
160301,NAUTA,LORETO,LORETO,NAUTA,1603010001,-73.569425,-4.501522,INNOVALAB,1618.591762,2706.113471,67.1893762548385,1675.5356206,664.544928,152.1327829019259,525.1258676,493.6562998,6.374793112687832,383.4258528,383.8954651,-0.1223281707372404,265.2036685,265.6558642,-0.17021860268801262,31.620841145454545,34.868179872727275,-9.313186805637336,0.2189683,0.2168639,0.9703781957255248,1.016366,0.8843343,14.930066604902704,0.1317537,0.9672927,634.1673896065158,5035.7971149,5717.7871729,13.54284222416578,1.5335425,1.0740457,42.78186673062421
160112,SAN JUAN DE MUNICH,LORETO,MAYNAS,BELEN,1601120049,-73.32016,-3.93564,INNOVALAB,1695.9311729,2985.6136961,76.04568769112694,1959.0914226,763.2870522,156.66509302802507,499.312923,433.0766711,15.294347703320566,376.6341856,377.3145582,-0.18031973196204076,262.8583866,263.5387592,-0.25816794541544547,32.529376363636366,33.55465468181818,-3.055547219615304,0.2183139,0.2176578,0.30143647505395754,0.5712499,0.51248,11.467745082734922,0.3390603,0.7262546,114.19629487734188,125.8339475,358.7922885,185.1315528347388,0.7308233,0.348718,109.5742978567209
160112,5 DE DICIEMBRE,LORETO,MAYNAS,BELEN,1601120076,-73.318977,-3.881458,INNOVALAB,1705.492646,2993.5144357,75.52197851576078,1966.5642549,773.7641262,154.15552211730335,491.5273362,424.5898034,15.76522381460468,376.7404942,377.1919031,-0.11967619036623746,262.4295449,262.8809538,-0.17171609181828446,31.95604569090909,32.63164125454546,-2.0703695482747424,0.2184758,0.217836,0.2937071925668833,2.2069639,1.2575575,75.49606280428526,0.4965966,0.5536597,11.490835821268204,2933.0417851,3942.549333,34.41845094155661,1.8066673,0.83094,117.42451921919752
160113,VILLA CRUZ,LORETO,MAYNAS,SAN JUAN BAUTISTA,1601130098,-73.373493,-3.853171,INNOVALAB,1709.7137907,3007.1836452,75.88813177723641,1976.469607,775.7044847,154.79672297684218,482.896535,417.3873478,15.695058210386891,377.9152559,378.2185675,-0.08019479371541671,262.1632363,262.4665479,-0.11556200301593904,30.83142770909091,30.721581172727273,0.3575549570383186,0.2185176,0.2177996,0.32966084418887653,1.9173546,1.0702678,79.14718166799,0.9953165,1.0503479,5.529035236530284,4944.087314,6493.4176589,31.337034451491476,1.9348823,1.209281,60.00270408614704
160113,SAN CIRILO,LORETO,MAYNAS,SAN JUAN BAUTISTA,1601130099,-73.455098,-4.056845,INNOVALAB,1681.0956156,2948.0258608,75.3633662144684,1920.4182809,746.1363884,157.3816678500437,502.9850582,440.9149864,14.077560009196379,378.2717959,378.8247857,-0.14597508422745065,262.9403072,263.493297,-0.20986864041553877,32.30860684545455,32.986264,-2.054361641395492,0.2177925,0.216725,0.49255969546660466,0.4874126,0.2969599,64.13414740508735,0.9083583,0.3841248,-57.712193525396316,691.9221841,1033.5852894,49.37883379825572,0.8232039,0.3665942,124.55453468712817
160113,LLANCHAMA,LORETO,MAYNAS,SAN JUAN BAUTISTA,1601130006,-73.409216,-3.857972,DIRESA,1705.0464183,3005.9239077,76.29572282829858,1977.1495591,774.3150203,155.34175461738747,481.2230457,417.4602645,15.27397614150652,378.2214158,378.4385663,-0.05738064757064441,262.2281185,262.445269,-0.08274125147213168,31.94217730909091,31.234807454545454,2.2646845368739887,0.218638,0.2178199,0.37558551812758534,0.5955959,0.5111705,16.516093945170933,0.3436316,0.5917834,72.21448784104838,550.0778027,769.0767469,39.81235802009576,0.8277564,0.4004471,106.70805207479339
160113,EL VARILLAL,LORETO,MAYNAS,SAN JUAN BAUTISTA,1601130024,-73.351417,-3.88769,DIRESA,1707.225223,3002.8927156,75.8931788931284,1973.3673935,773.0794351,155.2606244460169,490.1191427,423.9776858,15.600221218057314,376.9163479,377.3191675,-0.10675831887071749,262.0516601,262.4544797,-0.15348170107838577,31.59608740909091,31.959432672727274,-1.13689522388308,0.218355,0.2176561,0.32110287742911975,1.898861,1.1489897,65.26353543465184,0.6764592,1.3166787,94.64273676815984,2609.7929366,3708.6681891,42.10584054731939,1.5268432,0.7229853,111.18592591025018
160113,EL PAUJIL,LORETO,MAYNAS,SAN JUAN BAUTISTA,1601130032,-73.437658,-4.0423,DIRESA,1683.5988905,2956.7495666,75.62078374391754,1928.0003963,747.5052256,157.9246713295485,503.5046312,440.4502204,14.315899477297668,378.0985537,378.6597256,-0.14819952111642704,262.9563178,263.5174897,-0.21295432824547608,32.55225776363636,33.0584693,-1.5312612685416642,0.2178342,0.2167827,0.4850479304852328,0.5709041,0.3407466,67.54506134470601,0.9742469,0.5113246,-47.51591203420817,524.3125099,894.4472736,70.59430334221747,0.7300797,0.3551799,105.55208782929441
160113,ZUNGAROCOCHA,LORETO,MAYNAS,SAN JUAN BAUTISTA,1601130018,-73.354973,-3.828583,DIRESA,1713.5721499,3007.2327113,75.49495721411526,1976.7372902,779.8006534,153.49264348282477,479.716712,413.7272709,15.949985834013333,378.2160784,378.5479432,-0.08766783863481979,262.2325924,262.5644572,-0.12639364959714178,29.943572990909093,30.547794945454545,-1.9779560378231444,0.2184753,0.2177882,0.31549000359065543,2.155796,1.1769242,83.17203435871231,1.3054753,0.6896828,-47.16998475574375,9553.3281589,12047.9691611,26.11279504594387,3.0009487,1.9247578,55.913055658223584
160113,QUISTOCOCHA,LORETO,MAYNAS,SAN JUAN BAUTISTA,1601130017,-73.326179,-3.822999,DIRESA,1716.7261834,3006.6965736,75.14130108071141,1976.6428996,783.9076055,152.15253503494677,480.71275,413.9346455,16.132523630472495,377.9672608,378.3140325,-0.09166239425707176,262.1280452,262.4748168,-0.13211614136080843,29.595718772727274,31.036656863636363,-4.642697495545478,0.2185253,0.2178766,0.29773734306483673,2.9079007,2.0141855,44.37104725458504,0.9463822,0.8606427,-9.059711816219702,17821.7729579,21062.5241397,18.18422437237618,4.7523575,3.4028121,39.659709685409894
